owl_id,site,datetime,audio_id,selec,start,end,segment_length,filepath_audio
A89,土庫北,2025-07-23 19:34:56 UTC,A89 - 土庫北 - 2025-07-23 19:34:56 UTC,1,1.9805175860383084,7.980517586038308,6,E:/2026_eastern_grassowl_Taiwan/TAIGA_audio/土庫北A89/07230149.wav
A89,土庫北,2025-07-23 21:20:20 UTC,A89 - 土庫北 - 2025-07-23 21:20:20 UTC,1,4.620247166463856,7.620247166463856,3,E:/2026_eastern_grassowl_Taiwan/TAIGA_audio/土庫北A89/07230173.wav
A89,土庫北,2025-07-23 21:20:20 UTC,A89 - 土庫北 - 2025-07-23 21:20:20 UTC,2,9.3,15.3,6,E:/2026_eastern_grassowl_Taiwan/TAIGA_audio/土庫北A89/07230173.wav
A89,土庫北,2025-08-07 19:32:48 UTC,A89 - 土庫北 - 2025-08-07 19:32:48 UTC,1,12.3,15.3,3,E:/2026_eastern_grassowl_Taiwan/TAIGA_audio/土庫北A89/08070046.wav
A89,土庫北,2025-08-07 19:35:12 UTC,A89 - 土庫北 - 2025-08-07 19:35:12 UTC,1,0,3,3,E:/2026_eastern_grassowl_Taiwan/TAIGA_audio/土庫北A89/08070050.wav
A89,土庫北,2025-08-07 19:35:12 UTC,A89 - 土庫北 - 2025-08-07 19:35:12 UTC,2,3.33292099539349,6.33292099539349,3,E:/2026_eastern_grassowl_Taiwan/TAIGA_audio/土庫北A89/08070050.wav
A89,土庫北,2025-08-14 19:13:21 UTC,A89 - 土庫北 - 2025-08-14 19:13:21 UTC,1,0.7663343361969535,9.766334336196953,9,E:/2026_eastern_grassowl_Taiwan/TAIGA_audio/土庫北A89/08140138.wav
A89,土庫北,2025-02-07 03:30:52 UTC,A89 - 土庫北 - 2025-02-07 03:30:52 UTC,1,0,3,3,E:/2026_eastern_grassowl_Taiwan/TAIGA_audio/土庫北A89/59_20250207_033052_VvUtejUA.wav
A89,土庫北,2025-02-12 05:19:42 UTC,A89 - 土庫北 - 2025-02-12 05:19:42 UTC,1,2.6111058665863185,5.6111058665863185,3,E:/2026_eastern_grassowl_Taiwan/TAIGA_audio/土庫北A89/59_20250212_051942_HUj2ZmcY.wav
A89,土庫北,2025-02-12 05:39:39 UTC,A89 - 土庫北 - 2025-02-12 05:39:39 UTC,1,0,6,6,E:/2026_eastern_grassowl_Taiwan/TAIGA_audio/土庫北A89/59_20250212_053939_8fCXC7AG.wav
A89,土庫北,2025-03-12 19:20:39 UTC,A89 - 土庫北 - 2025-03-12 19:20:39 UTC,1,0,6,6,E:/2026_eastern_grassowl_Taiwan/TAIGA_audio/土庫北A89/59_20250312_192039_ggPvnAhP.wav
A89,土庫北,2025-03-18 04:26:43 UTC,A89 - 土庫北 - 2025-03-18 04:26:43 UTC,1,4.684081683873588,10.684081683873588,6,E:/2026_eastern_grassowl_Taiwan/TAIGA_audio/土庫北A89/59_20250318_042643_c9BZSs3E.wav
A89,土庫北,2025-03-19 19:11:04 UTC,A89 - 土庫北 - 2025-03-19 19:11:04 UTC,1,0,3,3,E:/2026_eastern_grassowl_Taiwan/TAIGA_audio/土庫北A89/59_20250319_191104_Pm3gdMw3.wav
A89,土庫北,2025-03-19 19:11:04 UTC,A89 - 土庫北 - 2025-03-19 19:11:04 UTC,2,4.165620642291484,7.165620642291484,3,E:/2026_eastern_grassowl_Taiwan/TAIGA_audio/土庫北A89/59_20250319_191104_Pm3gdMw3.wav
A89,土庫北,2025-03-19 19:11:04 UTC,A89 - 土庫北 - 2025-03-19 19:11:04 UTC,3,6.300000000000001,15.3,9,E:/2026_eastern_grassowl_Taiwan/TAIGA_audio/土庫北A89/59_20250319_191104_Pm3gdMw3.wav
A89,土庫北,2025-04-24 01:22:21 UTC,A89 - 土庫北 - 2025-04-24 01:22:21 UTC,1,-2.6999999999999993,15.3,18,E:/2026_eastern_grassowl_Taiwan/TAIGA_audio/土庫北A89/59_20250424_012221_aehnPZ2s.wav
A89,土庫北,2025-05-08 02:57:20 UTC,A89 - 土庫北 - 2025-05-08 02:57:20 UTC,1,0,6,6,E:/2026_eastern_grassowl_Taiwan/TAIGA_audio/土庫北A89/59_20250508_025720_QvQnFSud.wav
A89,土庫北,2025-05-08 02:57:20 UTC,A89 - 土庫北 - 2025-05-08 02:57:20 UTC,2,7.300954087563849,10.300954087563849,3,E:/2026_eastern_grassowl_Taiwan/TAIGA_audio/土庫北A89/59_20250508_025720_QvQnFSud.wav
A89,土庫北,2025-05-08 03:00:27 UTC,A89 - 土庫北 - 2025-05-08 03:00:27 UTC,1,6.300000000000001,15.3,9,E:/2026_eastern_grassowl_Taiwan/TAIGA_audio/土庫北A89/59_20250508_030027_hzhDEqvx.wav
A89,土庫北,2025-05-08 03:52:13 UTC,A89 - 土庫北 - 2025-05-08 03:52:13 UTC,1,0,9,9,E:/2026_eastern_grassowl_Taiwan/TAIGA_audio/土庫北A89/59_20250508_035213_4kSVYNS8.wav
A89,土庫北,2025-05-08 03:52:13 UTC,A89 - 土庫北 - 2025-05-08 03:52:13 UTC,2,12.3,15.3,3,E:/2026_eastern_grassowl_Taiwan/TAIGA_audio/土庫北A89/59_20250508_035213_4kSVYNS8.wav
A89,土庫北,2025-05-08 03:59:35 UTC,A89 - 土庫北 - 2025-05-08 03:59:35 UTC,1,0,3,3,E:/2026_eastern_grassowl_Taiwan/TAIGA_audio/土庫北A89/59_20250508_035935_BVLGYPJk.wav
A89,土庫北,2025-05-08 03:59:35 UTC,A89 - 土庫北 - 2025-05-08 03:59:35 UTC,2,2.4219899323168947,5.421989932316895,3,E:/2026_eastern_grassowl_Taiwan/TAIGA_audio/土庫北A89/59_20250508_035935_BVLGYPJk.wav
A50,土庫南,2024-04-02 20:18:28 UTC,A50 - 土庫南 - 2024-04-02 20:18:28 UTC,1,0,3,3,E:/2026_eastern_grassowl_Taiwan/TAIGA_audio/土庫南A50/3_20240402_201828_mUothT5a.wav
A50,土庫南,2024-04-02 20:18:28 UTC,A50 - 土庫南 - 2024-04-02 20:18:28 UTC,2,5.101380063127053,8.101380063127053,3,E:/2026_eastern_grassowl_Taiwan/TAIGA_audio/土庫南A50/3_20240402_201828_mUothT5a.wav
A50,土庫南,2024-04-02 20:18:28 UTC,A50 - 土庫南 - 2024-04-02 20:18:28 UTC,3,11.746036823877523,14.746036823877523,3,E:/2026_eastern_grassowl_Taiwan/TAIGA_audio/土庫南A50/3_20240402_201828_mUothT5a.wav
A50,土庫南,2024-04-02 20:18:28 UTC,A50 - 土庫南 - 2024-04-02 20:18:28 UTC,4,12.3,15.3,3,E:/2026_eastern_grassowl_Taiwan/TAIGA_audio/土庫南A50/3_20240402_201828_mUothT5a.wav
A50,土庫南,2024-04-03 21:40:11 UTC,A50 - 土庫南 - 2024-04-03 21:40:11 UTC,1,0.35223771449380337,6.352237714493803,6,E:/2026_eastern_grassowl_Taiwan/TAIGA_audio/土庫南A50/3_20240403_214011_FDM9xaCo.wav
A50,土庫南,2024-04-03 21:40:11 UTC,A50 - 土庫南 - 2024-04-03 21:40:11 UTC,2,12.3,15.3,3,E:/2026_eastern_grassowl_Taiwan/TAIGA_audio/土庫南A50/3_20240403_214011_FDM9xaCo.wav
A50,土庫南,2024-04-03 23:37:00 UTC,A50 - 土庫南 - 2024-04-03 23:37:00 UTC,1,0,6,6,E:/2026_eastern_grassowl_Taiwan/TAIGA_audio/土庫南A50/3_20240403_233700_2aMZKgUq.wav
A50,土庫南,2024-04-03 23:41:30 UTC,A50 - 土庫南 - 2024-04-03 23:41:30 UTC,1,12.3,15.3,3,E:/2026_eastern_grassowl_Taiwan/TAIGA_audio/土庫南A50/3_20240403_234130_8ggAdEMh.wav
A50,土庫南,2024-04-03 23:47:55 UTC,A50 - 土庫南 - 2024-04-03 23:47:55 UTC,1,0,3,3,E:/2026_eastern_grassowl_Taiwan/TAIGA_audio/土庫南A50/3_20240403_234755_SMJMfC5Z.wav
A50,土庫南,2024-04-03 23:47:55 UTC,A50 - 土庫南 - 2024-04-03 23:47:55 UTC,2,12.3,15.3,3,E:/2026_eastern_grassowl_Taiwan/TAIGA_audio/土庫南A50/3_20240403_234755_SMJMfC5Z.wav
A50,土庫南,2024-04-14 00:06:32 UTC,A50 - 土庫南 - 2024-04-14 00:06:32 UTC,1,0,6,6,E:/2026_eastern_grassowl_Taiwan/TAIGA_audio/土庫南A50/3_20240414_000632_dnYXvn6j.wav
A50,土庫南,2024-07-03 00:09:57 UTC,A50 - 土庫南 - 2024-07-03 00:09:57 UTC,1,0,12,12,E:/2026_eastern_grassowl_Taiwan/TAIGA_audio/土庫南A50/3_20240703_000957_gQixXdBn.wav
A50,土庫南,2024-07-03 00:22:18 UTC,A50 - 土庫南 - 2024-07-03 00:22:18 UTC,1,0.14276198338742851,9.142761983387429,9,E:/2026_eastern_grassowl_Taiwan/TAIGA_audio/土庫南A50/3_20240703_002218_Yb6bkvUF.wav
A50,土庫南,2024-07-03 00:22:18 UTC,A50 - 土庫南 - 2024-07-03 00:22:18 UTC,2,9.3,15.3,6,E:/2026_eastern_grassowl_Taiwan/TAIGA_audio/土庫南A50/3_20240703_002218_Yb6bkvUF.wav
A50,土庫南,2024-07-04 04:18:24 UTC,A50 - 土庫南 - 2024-07-04 04:18:24 UTC,1,0,3,3,E:/2026_eastern_grassowl_Taiwan/TAIGA_audio/土庫南A50/3_20240704_041824_7jSm9ixW.wav
A50,土庫南,2024-07-04 21:56:27 UTC,A50 - 土庫南 - 2024-07-04 21:56:27 UTC,1,0.4199279270733438,9.419927927073344,9,E:/2026_eastern_grassowl_Taiwan/TAIGA_audio/土庫南A50/3_20240704_215627_cZ2i9ziu.wav
A50,土庫南,2024-07-05 20:47:27 UTC,A50 - 土庫南 - 2024-07-05 20:47:27 UTC,1,0,3,3,E:/2026_eastern_grassowl_Taiwan/TAIGA_audio/土庫南A50/3_20240705_204727_bcuBPANQ.wav
A50,土庫南,2024-07-05 20:47:27 UTC,A50 - 土庫南 - 2024-07-05 20:47:27 UTC,2,3.2750184152411554,6.2750184152411554,3,E:/2026_eastern_grassowl_Taiwan/TAIGA_audio/土庫南A50/3_20240705_204727_bcuBPANQ.wav
A50,土庫南,2024-07-06 02:59:39 UTC,A50 - 土庫南 - 2024-07-06 02:59:39 UTC,1,9.3,15.3,6,E:/2026_eastern_grassowl_Taiwan/TAIGA_audio/土庫南A50/3_20240706_025939_6sDUKPYJ.wav
A50,土庫南,2025-01-29 22:51:35 UTC,A50 - 土庫南 - 2025-01-29 22:51:35 UTC,1,4.146958483111781,7.146958483111781,3,E:/2026_eastern_grassowl_Taiwan/TAIGA_audio/土庫南A50/3_20250129_225135_gNbiAZB3.wav
A50,土庫南,2025-01-29 22:51:35 UTC,A50 - 土庫南 - 2025-01-29 22:51:35 UTC,2,6.897631494307731,9.897631494307731,3,E:/2026_eastern_grassowl_Taiwan/TAIGA_audio/土庫南A50/3_20250129_225135_gNbiAZB3.wav
A50,土庫南,2025-01-29 23:00:37 UTC,A50 - 土庫南 - 2025-01-29 23:00:37 UTC,1,9.3,15.3,6,E:/2026_eastern_grassowl_Taiwan/TAIGA_audio/土庫南A50/3_20250129_230037_WbyvpRZJ.wav
A50,土庫南,2025-01-29 23:02:38 UTC,A50 - 土庫南 - 2025-01-29 23:02:38 UTC,1,0,3,3,E:/2026_eastern_grassowl_Taiwan/TAIGA_audio/土庫南A50/3_20250129_230238_EKjWrSw8.wav
A50,土庫南,2025-01-29 23:02:38 UTC,A50 - 土庫南 - 2025-01-29 23:02:38 UTC,2,3.1531156959061155,9.153115695906116,6.000000000000001,E:/2026_eastern_grassowl_Taiwan/TAIGA_audio/土庫南A50/3_20250129_230238_EKjWrSw8.wav
A50,土庫南,2025-01-29 23:02:38 UTC,A50 - 土庫南 - 2025-01-29 23:02:38 UTC,3,12.3,15.3,3,E:/2026_eastern_grassowl_Taiwan/TAIGA_audio/土庫南A50/3_20250129_230238_EKjWrSw8.wav
A50,土庫南,2025-01-29 23:07:38 UTC,A50 - 土庫南 - 2025-01-29 23:07:38 UTC,1,0,6,6,E:/2026_eastern_grassowl_Taiwan/TAIGA_audio/土庫南A50/3_20250129_230738_bGZHcbR4.wav
A50,土庫南,2025-01-29 23:07:38 UTC,A50 - 土庫南 - 2025-01-29 23:07:38 UTC,2,9.3,15.3,6,E:/2026_eastern_grassowl_Taiwan/TAIGA_audio/土庫南A50/3_20250129_230738_bGZHcbR4.wav
A50,土庫南,2025-02-01 02:49:32 UTC,A50 - 土庫南 - 2025-02-01 02:49:32 UTC,1,0,3,3,E:/2026_eastern_grassowl_Taiwan/TAIGA_audio/土庫南A50/3_20250201_024932_fTPpUNio.wav
A50,土庫南,2025-02-01 02:49:32 UTC,A50 - 土庫南 - 2025-02-01 02:49:32 UTC,2,2.3661395171108266,5.366139517110827,3,E:/2026_eastern_grassowl_Taiwan/TAIGA_audio/土庫南A50/3_20250201_024932_fTPpUNio.wav
A50,土庫南,2025-02-01 02:49:32 UTC,A50 - 土庫南 - 2025-02-01 02:49:32 UTC,3,6.025559818319987,15.025559818319987,9,E:/2026_eastern_grassowl_Taiwan/TAIGA_audio/土庫南A50/3_20250201_024932_fTPpUNio.wav
A50,土庫南,2025-02-01 02:59:42 UTC,A50 - 土庫南 - 2025-02-01 02:59:42 UTC,1,0,9,9,E:/2026_eastern_grassowl_Taiwan/TAIGA_audio/土庫南A50/3_20250201_025942_RXiK56tQ.wav
A84,有利,2026-03-03 18:58:11 UTC,A84 - 有利 - 2026-03-03 18:58:11 UTC,1,5.933661811575837,8.933661811575837,3,E:/2026_eastern_grassowl_Taiwan/TAIGA_audio/有利A84/03030949.wav
A84,有利,2026-03-03 18:58:11 UTC,A84 - 有利 - 2026-03-03 18:58:11 UTC,2,12.3,15.3,3,E:/2026_eastern_grassowl_Taiwan/TAIGA_audio/有利A84/03030949.wav
A84,有利,2026-03-05 01:09:09 UTC,A84 - 有利 - 2026-03-05 01:09:09 UTC,1,0,3,3,E:/2026_eastern_grassowl_Taiwan/TAIGA_audio/有利A84/03050957.wav
A84,有利,2026-03-05 18:47:36 UTC,A84 - 有利 - 2026-03-05 18:47:36 UTC,1,5.627221448083121,8.627221448083121,3,E:/2026_eastern_grassowl_Taiwan/TAIGA_audio/有利A84/03050977.wav
A84,有利,2026-03-05 18:47:36 UTC,A84 - 有利 - 2026-03-05 18:47:36 UTC,2,9.107940892803414,12.107940892803414,3,E:/2026_eastern_grassowl_Taiwan/TAIGA_audio/有利A84/03050977.wav
A84,有利,2026-03-12 04:19:15 UTC,A84 - 有利 - 2026-03-12 04:19:15 UTC,1,8.907307898046835,14.907307898046835,6,E:/2026_eastern_grassowl_Taiwan/TAIGA_audio/有利A84/03120910.wav
A84,有利,2026-03-13 03:31:17 UTC,A84 - 有利 - 2026-03-13 03:31:17 UTC,1,8.033630910474395,11.033630910474395,3,E:/2026_eastern_grassowl_Taiwan/TAIGA_audio/有利A84/03130511.wav
A84,有利,2026-03-13 03:31:17 UTC,A84 - 有利 - 2026-03-13 03:31:17 UTC,2,10.588215195660041,13.588215195660041,3,E:/2026_eastern_grassowl_Taiwan/TAIGA_audio/有利A84/03130511.wav
A84,有利,2025-07-29 00:22:37 UTC,A84 - 有利 - 2025-07-29 00:22:37 UTC,1,0.3824404318136376,3.3824404318136376,3,E:/2026_eastern_grassowl_Taiwan/TAIGA_audio/有利A84/07290337.wav
A84,有利,2025-07-29 00:22:37 UTC,A84 - 有利 - 2025-07-29 00:22:37 UTC,2,5.235769620720776,8.235769620720776,3,E:/2026_eastern_grassowl_Taiwan/TAIGA_audio/有利A84/07290337.wav
A84,有利,2025-08-01 23:16:14 UTC,A84 - 有利 - 2025-08-01 23:16:14 UTC,1,0,9,9,E:/2026_eastern_grassowl_Taiwan/TAIGA_audio/有利A84/08010685.wav
A84,有利,2025-08-02 00:12:34 UTC,A84 - 有利 - 2025-08-02 00:12:34 UTC,1,0.3000000000000007,15.3,15,E:/2026_eastern_grassowl_Taiwan/TAIGA_audio/有利A84/08020705.wav
A84,有利,2025-08-03 19:37:35 UTC,A84 - 有利 - 2025-08-03 19:37:35 UTC,1,0.1342994744582442,3.134299474458244,3,E:/2026_eastern_grassowl_Taiwan/TAIGA_audio/有利A84/08030871.wav
A84,有利,2025-08-03 19:37:35 UTC,A84 - 有利 - 2025-08-03 19:37:35 UTC,2,11.29801216606473,14.29801216606473,3,E:/2026_eastern_grassowl_Taiwan/TAIGA_audio/有利A84/08030871.wav
A84,有利,2025-08-05 23:18:40 UTC,A84 - 有利 - 2025-08-05 23:18:40 UTC,1,0,3,3,E:/2026_eastern_grassowl_Taiwan/TAIGA_audio/有利A84/08050298.wav
A84,有利,2025-08-05 23:18:40 UTC,A84 - 有利 - 2025-08-05 23:18:40 UTC,2,3.5958578930462783,6.595857893046278,3,E:/2026_eastern_grassowl_Taiwan/TAIGA_audio/有利A84/08050298.wav
A84,有利,2025-08-05 23:18:40 UTC,A84 - 有利 - 2025-08-05 23:18:40 UTC,3,9.873667651320785,12.873667651320785,3,E:/2026_eastern_grassowl_Taiwan/TAIGA_audio/有利A84/08050298.wav
A84,有利,2025-09-25 04:13:48 UTC,A84 - 有利 - 2025-09-25 04:13:48 UTC,1,0,6,6,E:/2026_eastern_grassowl_Taiwan/TAIGA_audio/有利A84/09250900.wav
A84,有利,2025-10-01 19:30:51 UTC,A84 - 有利 - 2025-10-01 19:30:51 UTC,1,0,3,3,E:/2026_eastern_grassowl_Taiwan/TAIGA_audio/有利A84/10010516.wav
A84,有利,2025-10-01 19:30:51 UTC,A84 - 有利 - 2025-10-01 19:30:51 UTC,2,2.56374751974937,5.56374751974937,3,E:/2026_eastern_grassowl_Taiwan/TAIGA_audio/有利A84/10010516.wav
A84,有利,2025-10-03 01:38:56 UTC,A84 - 有利 - 2025-10-03 01:38:56 UTC,1,-2.6999999999999993,15.3,18,E:/2026_eastern_grassowl_Taiwan/TAIGA_audio/有利A84/10030948.wav
A84,有利,2025-10-17 19:30:30 UTC,A84 - 有利 - 2025-10-17 19:30:30 UTC,1,1.3537343884398743,4.353734388439874,3,E:/2026_eastern_grassowl_Taiwan/TAIGA_audio/有利A84/10170032.wav
A84,有利,2025-10-17 19:30:30 UTC,A84 - 有利 - 2025-10-17 19:30:30 UTC,2,6.300000000000001,15.3,9,E:/2026_eastern_grassowl_Taiwan/TAIGA_audio/有利A84/10170032.wav
A84,有利,2025-10-17 19:43:31 UTC,A84 - 有利 - 2025-10-17 19:43:31 UTC,1,0,12,12,E:/2026_eastern_grassowl_Taiwan/TAIGA_audio/有利A84/10170040.wav
A84,有利,2025-10-18 18:13:51 UTC,A84 - 有利 - 2025-10-18 18:13:51 UTC,1,2.1804860920693594,11.180486092069359,9,E:/2026_eastern_grassowl_Taiwan/TAIGA_audio/有利A84/10180100.wav
A84,有利,2025-10-18 18:13:51 UTC,A84 - 有利 - 2025-10-18 18:13:51 UTC,2,12.3,15.3,3,E:/2026_eastern_grassowl_Taiwan/TAIGA_audio/有利A84/10180100.wav
172,有利砂石場,2024-03-04 01:37:59 UTC,172 - 有利砂石場 - 2024-03-04 01:37:59 UTC,1,-2.6999999999999993,15.3,18,E:/2026_eastern_grassowl_Taiwan/TAIGA_audio/順揚有利172/有利砂石場/6_20240304_013759_g3CJNB8d.wav
172,順揚砂石場,2026-01-09 21:00:24 UTC,172 - 順揚砂石場 - 2026-01-09 21:00:24 UTC,1,0,9,9,E:/2026_eastern_grassowl_Taiwan/TAIGA_audio/順揚有利172/順揚砂石場/01090804.wav
172,順揚砂石場,2026-01-11 19:08:31 UTC,172 - 順揚砂石場 - 2026-01-11 19:08:31 UTC,1,0,3,3,E:/2026_eastern_grassowl_Taiwan/TAIGA_audio/順揚有利172/順揚砂石場/01110828.wav
172,順揚砂石場,2026-01-11 19:08:31 UTC,172 - 順揚砂石場 - 2026-01-11 19:08:31 UTC,2,5.176644772210775,11.176644772210775,6,E:/2026_eastern_grassowl_Taiwan/TAIGA_audio/順揚有利172/順揚砂石場/01110828.wav
172,順揚砂石場,2026-01-13 18:57:30 UTC,172 - 順揚砂石場 - 2026-01-13 18:57:30 UTC,1,3.0710747579812487,9.071074757981249,6,E:/2026_eastern_grassowl_Taiwan/TAIGA_audio/順揚有利172/順揚砂石場/01130089.wav
172,順揚砂石場,2026-03-01 00:24:51 UTC,172 - 順揚砂石場 - 2026-03-01 00:24:51 UTC,1,3.313374481161529,6.313374481161529,3,E:/2026_eastern_grassowl_Taiwan/TAIGA_audio/順揚有利172/順揚砂石場/03010208.wav
172,順揚砂石場,2026-03-01 00:24:51 UTC,172 - 順揚砂石場 - 2026-03-01 00:24:51 UTC,2,7.5198568620214505,13.51985686202145,6,E:/2026_eastern_grassowl_Taiwan/TAIGA_audio/順揚有利172/順揚砂石場/03010208.wav
172,順揚砂石場,2025-07-04 03:47:00 UTC,172 - 順揚砂石場 - 2025-07-04 03:47:00 UTC,1,-2.6999999999999993,15.3,18,E:/2026_eastern_grassowl_Taiwan/TAIGA_audio/順揚有利172/順揚砂石場/07040317.wav
172,順揚砂石場,2025-09-21 23:23:08 UTC,172 - 順揚砂石場 - 2025-09-21 23:23:08 UTC,1,1.6428731389871296,4.642873138987129,2.9999999999999996,E:/2026_eastern_grassowl_Taiwan/TAIGA_audio/順揚有利172/順揚砂石場/09210008.wav
172,順揚砂石場,2025-09-21 23:23:08 UTC,172 - 順揚砂石場 - 2025-09-21 23:23:08 UTC,2,6.267902669788255,9.267902669788256,3.000000000000001,E:/2026_eastern_grassowl_Taiwan/TAIGA_audio/順揚有利172/順揚砂石場/09210008.wav
172,順揚砂石場,2025-09-25 00:23:55 UTC,172 - 順揚砂石場 - 2025-09-25 00:23:55 UTC,1,-2.6999999999999993,15.3,18,E:/2026_eastern_grassowl_Taiwan/TAIGA_audio/順揚有利172/順揚砂石場/09250176.wav
172,順揚砂石場,2025-09-25 03:30:26 UTC,172 - 順揚砂石場 - 2025-09-25 03:30:26 UTC,1,0,12,12,E:/2026_eastern_grassowl_Taiwan/TAIGA_audio/順揚有利172/順揚砂石場/09250192.wav
172,順揚砂石場,2025-09-25 03:30:26 UTC,172 - 順揚砂石場 - 2025-09-25 03:30:26 UTC,2,11.157864566052393,14.157864566052393,3,E:/2026_eastern_grassowl_Taiwan/TAIGA_audio/順揚有利172/順揚砂石場/09250192.wav
172,順揚砂石場,2025-09-28 02:52:09 UTC,172 - 順揚砂石場 - 2025-09-28 02:52:09 UTC,1,3.585848763592457,9.585848763592457,6,E:/2026_eastern_grassowl_Taiwan/TAIGA_audio/順揚有利172/順揚砂石場/09280436.wav
172,順揚砂石場,2025-09-28 02:52:09 UTC,172 - 順揚砂石場 - 2025-09-28 02:52:09 UTC,2,11.245699163358077,14.245699163358077,3,E:/2026_eastern_grassowl_Taiwan/TAIGA_audio/順揚有利172/順揚砂石場/09280436.wav
172,順揚砂石場,2025-09-28 02:52:09 UTC,172 - 順揚砂石場 - 2025-09-28 02:52:09 UTC,3,12.300000000000002,15.3,2.9999999999999982,E:/2026_eastern_grassowl_Taiwan/TAIGA_audio/順揚有利172/順揚砂石場/09280436.wav
172,順揚砂石場,2024-10-22 18:47:13 UTC,172 - 順揚砂石場 - 2024-10-22 18:47:13 UTC,1,0,6,6,E:/2026_eastern_grassowl_Taiwan/TAIGA_audio/順揚有利172/順揚砂石場/41_20241022_184713_ae4ZyMMq.wav
172,順揚砂石場,2024-10-22 18:47:13 UTC,172 - 順揚砂石場 - 2024-10-22 18:47:13 UTC,2,5.0923362413214,11.0923362413214,6,E:/2026_eastern_grassowl_Taiwan/TAIGA_audio/順揚有利172/順揚砂石場/41_20241022_184713_ae4ZyMMq.wav
172,順揚砂石場,2024-10-29 04:07:58 UTC,172 - 順揚砂石場 - 2024-10-29 04:07:58 UTC,1,0.5052864149386411,3.505286414938641,3,E:/2026_eastern_grassowl_Taiwan/TAIGA_audio/順揚有利172/順揚砂石場/41_20241029_040758_ZxtkrzG4.wav
172,順揚砂石場,2024-11-29 04:23:24 UTC,172 - 順揚砂石場 - 2024-11-29 04:23:24 UTC,1,0,6,6,E:/2026_eastern_grassowl_Taiwan/TAIGA_audio/順揚有利172/順揚砂石場/41_20241129_042324_8bt9x2fg.wav
172,順揚砂石場,2024-11-29 18:46:05 UTC,172 - 順揚砂石場 - 2024-11-29 18:46:05 UTC,1,0,9,9,E:/2026_eastern_grassowl_Taiwan/TAIGA_audio/順揚有利172/順揚砂石場/41_20241129_184605_cB63hpnH.wav
172,順揚砂石場,2024-11-29 18:46:05 UTC,172 - 順揚砂石場 - 2024-11-29 18:46:05 UTC,2,11.005993592654992,14.005993592654992,3,E:/2026_eastern_grassowl_Taiwan/TAIGA_audio/順揚有利172/順揚砂石場/41_20241129_184605_cB63hpnH.wav
172,順揚砂石場,2024-11-29 18:46:05 UTC,172 - 順揚砂石場 - 2024-11-29 18:46:05 UTC,3,12.299999999999999,15.3,3.0000000000000018,E:/2026_eastern_grassowl_Taiwan/TAIGA_audio/順揚有利172/順揚砂石場/41_20241129_184605_cB63hpnH.wav
172,順揚砂石場,2024-11-30 01:13:29 UTC,172 - 順揚砂石場 - 2024-11-30 01:13:29 UTC,1,0,3,3,E:/2026_eastern_grassowl_Taiwan/TAIGA_audio/順揚有利172/順揚砂石場/41_20241130_011329_Z27WuBUR.wav
172,順揚砂石場,2024-11-30 01:13:29 UTC,172 - 順揚砂石場 - 2024-11-30 01:13:29 UTC,2,3.97380629903376,6.97380629903376,3,E:/2026_eastern_grassowl_Taiwan/TAIGA_audio/順揚有利172/順揚砂石場/41_20241130_011329_Z27WuBUR.wav
172,順揚砂石場,2025-04-13 18:44:45 UTC,172 - 順揚砂石場 - 2025-04-13 18:44:45 UTC,1,2.070608412548278,8.070608412548278,6,E:/2026_eastern_grassowl_Taiwan/TAIGA_audio/順揚有利172/順揚砂石場/41_20250413_184445_6VzYrJu8.wav
172,順揚砂石場,2025-04-13 18:44:45 UTC,172 - 順揚砂石場 - 2025-04-13 18:44:45 UTC,2,12.3,15.3,3,E:/2026_eastern_grassowl_Taiwan/TAIGA_audio/順揚有利172/順揚砂石場/41_20250413_184445_6VzYrJu8.wav
172,順揚砂石場,2025-04-16 21:07:59 UTC,172 - 順揚砂石場 - 2025-04-16 21:07:59 UTC,1,0.6159123888629274,6.615912388862927,6,E:/2026_eastern_grassowl_Taiwan/TAIGA_audio/順揚有利172/順揚砂石場/41_20250416_210759_Y5Sy6Wjz.wav
172,順揚砂石場,2025-04-16 21:15:03 UTC,172 - 順揚砂石場 - 2025-04-16 21:15:03 UTC,1,0,9,9,E:/2026_eastern_grassowl_Taiwan/TAIGA_audio/順揚有利172/順揚砂石場/41_20250416_211503_iPcuFfqi.wav
172,順揚砂石場,2025-04-20 22:50:11 UTC,172 - 順揚砂石場 - 2025-04-20 22:50:11 UTC,1,0,9,9,E:/2026_eastern_grassowl_Taiwan/TAIGA_audio/順揚有利172/順揚砂石場/41_20250420_225011_cMX4ED57.wav
172,順揚砂石場,2025-04-23 04:22:41 UTC,172 - 順揚砂石場 - 2025-04-23 04:22:41 UTC,1,2.580271265116445,11.580271265116444,9,E:/2026_eastern_grassowl_Taiwan/TAIGA_audio/順揚有利172/順揚砂石場/41_20250423_042241_fzuEeyRz.wav
172,順揚砂石場,2025-04-23 04:22:41 UTC,172 - 順揚砂石場 - 2025-04-23 04:22:41 UTC,2,9.3,15.3,6,E:/2026_eastern_grassowl_Taiwan/TAIGA_audio/順揚有利172/順揚砂石場/41_20250423_042241_fzuEeyRz.wav
R19,有利砂石場,2024-02-16 03:53:47 UTC,R19 - 有利砂石場 - 2024-02-16 03:53:47 UTC,1,0,6,6,E:/2026_eastern_grassowl_Taiwan/TAIGA_audio/順揚有利R19/有利砂石場/6_20240216_035347_ecKEaia4.wav
R19,有利砂石場,2024-02-16 03:53:47 UTC,R19 - 有利砂石場 - 2024-02-16 03:53:47 UTC,2,6.353061526166595,9.353061526166595,3,E:/2026_eastern_grassowl_Taiwan/TAIGA_audio/順揚有利R19/有利砂石場/6_20240216_035347_ecKEaia4.wav
R19,有利砂石場,2024-02-29 18:55:00 UTC,R19 - 有利砂石場 - 2024-02-29 18:55:00 UTC,1,0,3,3,E:/2026_eastern_grassowl_Taiwan/TAIGA_audio/順揚有利R19/有利砂石場/6_20240229_185500_GViKkNNi.wav
R19,有利砂石場,2024-02-29 19:08:36 UTC,R19 - 有利砂石場 - 2024-02-29 19:08:36 UTC,1,0,3,3,E:/2026_eastern_grassowl_Taiwan/TAIGA_audio/順揚有利R19/有利砂石場/6_20240229_190836_k5fnYqpj.wav
R19,有利砂石場,2024-02-29 19:08:36 UTC,R19 - 有利砂石場 - 2024-02-29 19:08:36 UTC,2,6.2994264373878615,15.299426437387861,9,E:/2026_eastern_grassowl_Taiwan/TAIGA_audio/順揚有利R19/有利砂石場/6_20240229_190836_k5fnYqpj.wav
R19,有利砂石場,2024-04-30 21:17:11 UTC,R19 - 有利砂石場 - 2024-04-30 21:17:11 UTC,1,9.3,15.3,6,E:/2026_eastern_grassowl_Taiwan/TAIGA_audio/順揚有利R19/有利砂石場/6_20240430_211711_MEswp23E.wav
R19,有利砂石場,2024-04-30 21:50:43 UTC,R19 - 有利砂石場 - 2024-04-30 21:50:43 UTC,1,0.9030421104615214,3.9030421104615214,3,E:/2026_eastern_grassowl_Taiwan/TAIGA_audio/順揚有利R19/有利砂石場/6_20240430_215043_VhKwwe6k.wav
R19,有利砂石場,2024-04-30 21:50:43 UTC,R19 - 有利砂石場 - 2024-04-30 21:50:43 UTC,2,3.3000000000000007,15.3,12,E:/2026_eastern_grassowl_Taiwan/TAIGA_audio/順揚有利R19/有利砂石場/6_20240430_215043_VhKwwe6k.wav
R19,有利砂石場,2024-06-06 20:34:19 UTC,R19 - 有利砂石場 - 2024-06-06 20:34:19 UTC,1,0,15,15,E:/2026_eastern_grassowl_Taiwan/TAIGA_audio/順揚有利R19/有利砂石場/6_20240606_203419_BwuYQmnR.wav
R19,有利砂石場,2024-06-10 19:55:28 UTC,R19 - 有利砂石場 - 2024-06-10 19:55:28 UTC,1,0,12,12,E:/2026_eastern_grassowl_Taiwan/TAIGA_audio/順揚有利R19/有利砂石場/6_20240610_195528_fvSbmLVm.wav
R19,有利砂石場,2024-06-10 19:55:28 UTC,R19 - 有利砂石場 - 2024-06-10 19:55:28 UTC,2,12.279544233103646,15.279544233103646,3,E:/2026_eastern_grassowl_Taiwan/TAIGA_audio/順揚有利R19/有利砂石場/6_20240610_195528_fvSbmLVm.wav
R19,有利砂石場,2024-06-30 20:16:34 UTC,R19 - 有利砂石場 - 2024-06-30 20:16:34 UTC,1,-2.6999999999999993,15.3,18,E:/2026_eastern_grassowl_Taiwan/TAIGA_audio/順揚有利R19/有利砂石場/6_20240630_201634_9ghTmD8y.wav
R19,有利砂石場,2024-07-04 20:30:44 UTC,R19 - 有利砂石場 - 2024-07-04 20:30:44 UTC,1,0,6,6,E:/2026_eastern_grassowl_Taiwan/TAIGA_audio/順揚有利R19/有利砂石場/6_20240704_203044_RL8KBiDp.wav
R19,有利砂石場,2024-07-04 20:30:44 UTC,R19 - 有利砂石場 - 2024-07-04 20:30:44 UTC,2,7.393666198795392,13.393666198795392,6,E:/2026_eastern_grassowl_Taiwan/TAIGA_audio/順揚有利R19/有利砂石場/6_20240704_203044_RL8KBiDp.wav
R19,非蟲叫,2024-09-02 00:35:22 UTC,R19 - 非蟲叫 - 2024-09-02 00:35:22 UTC,1,-2.6999999999999993,15.3,18,E:/2026_eastern_grassowl_Taiwan/TAIGA_audio/順揚有利R19/非蟲叫/41_20240902_003522_UTX9Q2Fo.wav
R19,非蟲叫,2024-09-02 01:58:47 UTC,R19 - 非蟲叫 - 2024-09-02 01:58:47 UTC,1,0,12,12,E:/2026_eastern_grassowl_Taiwan/TAIGA_audio/順揚有利R19/非蟲叫/41_20240902_015847_av9pxdx8.wav
R19,非蟲叫,2024-09-02 01:58:47 UTC,R19 - 非蟲叫 - 2024-09-02 01:58:47 UTC,2,12.09927185706642,15.09927185706642,3,E:/2026_eastern_grassowl_Taiwan/TAIGA_audio/順揚有利R19/非蟲叫/41_20240902_015847_av9pxdx8.wav
R19,順揚砂石場,2024-09-01 03:27:50 UTC,R19 - 順揚砂石場 - 2024-09-01 03:27:50 UTC,1,3.3000000000000025,15.3,11.999999999999998,E:/2026_eastern_grassowl_Taiwan/TAIGA_audio/順揚有利R19/順揚砂石場/41_20240901_032750_CTnCrM5N.wav
R19,順揚砂石場,2024-09-02 01:15:56 UTC,R19 - 順揚砂石場 - 2024-09-02 01:15:56 UTC,1,0.18980976081536793,3.189809760815368,3,E:/2026_eastern_grassowl_Taiwan/TAIGA_audio/順揚有利R19/順揚砂石場/41_20240902_011556_ncoJ9SHK.wav
R19,順揚砂石場,2024-09-07 23:38:10 UTC,R19 - 順揚砂石場 - 2024-09-07 23:38:10 UTC,1,0,15,15,E:/2026_eastern_grassowl_Taiwan/TAIGA_audio/順揚有利R19/順揚砂石場/41_20240907_233810_oYPB49ew.wav
R19,順揚砂石場,2024-12-01 20:14:23 UTC,R19 - 順揚砂石場 - 2024-12-01 20:14:23 UTC,1,7.014921917584783,10.014921917584783,3,E:/2026_eastern_grassowl_Taiwan/TAIGA_audio/順揚有利R19/順揚砂石場/41_20241201_201423_gxmyJBVg.wav
R19,順揚砂石場,2024-12-01 20:14:23 UTC,R19 - 順揚砂石場 - 2024-12-01 20:14:23 UTC,2,11.330801330309992,14.330801330309992,3,E:/2026_eastern_grassowl_Taiwan/TAIGA_audio/順揚有利R19/順揚砂石場/41_20241201_201423_gxmyJBVg.wav
R19,順揚砂石場,2024-12-18 22:26:33 UTC,R19 - 順揚砂石場 - 2024-12-18 22:26:33 UTC,1,0.09450349710663009,3.09450349710663,3,E:/2026_eastern_grassowl_Taiwan/TAIGA_audio/順揚有利R19/順揚砂石場/41_20241218_222633_ie2Tj5Wn.wav
R19,順揚砂石場,2024-12-18 22:26:33 UTC,R19 - 順揚砂石場 - 2024-12-18 22:26:33 UTC,2,3.3000000000000007,15.3,12,E:/2026_eastern_grassowl_Taiwan/TAIGA_audio/順揚有利R19/順揚砂石場/41_20241218_222633_ie2Tj5Wn.wav
R19,順揚砂石場,2024-12-19 19:56:41 UTC,R19 - 順揚砂石場 - 2024-12-19 19:56:41 UTC,1,0,3,3,E:/2026_eastern_grassowl_Taiwan/TAIGA_audio/順揚有利R19/順揚砂石場/41_20241219_195641_5QbnhkHZ.wav
R19,順揚砂石場,2024-12-19 19:56:41 UTC,R19 - 順揚砂石場 - 2024-12-19 19:56:41 UTC,2,4.513911363625616,10.513911363625617,6.000000000000001,E:/2026_eastern_grassowl_Taiwan/TAIGA_audio/順揚有利R19/順揚砂石場/41_20241219_195641_5QbnhkHZ.wav
R19,順揚砂石場,2024-12-19 19:56:41 UTC,R19 - 順揚砂石場 - 2024-12-19 19:56:41 UTC,3,12.3,15.3,3,E:/2026_eastern_grassowl_Taiwan/TAIGA_audio/順揚有利R19/順揚砂石場/41_20241219_195641_5QbnhkHZ.wav
R19,順揚砂石場,2024-12-29 04:56:27 UTC,R19 - 順揚砂石場 - 2024-12-29 04:56:27 UTC,1,3.3971274397644846,6.397127439764485,3,E:/2026_eastern_grassowl_Taiwan/TAIGA_audio/順揚有利R19/順揚砂石場/41_20241229_045627_g8wgK3er.wav
R19,順揚砂石場,2025-01-01 05:16:15 UTC,R19 - 順揚砂石場 - 2025-01-01 05:16:15 UTC,1,0,3,3,E:/2026_eastern_grassowl_Taiwan/TAIGA_audio/順揚有利R19/順揚砂石場/41_20250101_051615_T6zd9YTL.wav
R19,順揚砂石場,2025-01-01 05:16:15 UTC,R19 - 順揚砂石場 - 2025-01-01 05:16:15 UTC,2,5.9040245794399056,8.904024579439906,3,E:/2026_eastern_grassowl_Taiwan/TAIGA_audio/順揚有利R19/順揚砂石場/41_20250101_051615_T6zd9YTL.wav
R19,順揚砂石場,2025-01-01 05:16:15 UTC,R19 - 順揚砂石場 - 2025-01-01 05:16:15 UTC,3,10.371140043986534,13.371140043986534,3,E:/2026_eastern_grassowl_Taiwan/TAIGA_audio/順揚有利R19/順揚砂石場/41_20250101_051615_T6zd9YTL.wav
